sample-id	barcode	treatment	day
#q2:types	categorical	categorical	numeric
918C	TCCCTTGTCTCC	C	1
970P	ACGAGACTGATT	P	1
916C	GCTGTACGGATT	C	1
957P	ATCACCAGGTGT	P	1
917C	TGGTCAACGATA	C	1
927C	ATCGCACAGTAA	C	1
971P	GTCGTGTAGCCT	P	1
740P	AGCGGAGGTTAG	P	1
705C	ATCCTTTGGTTC	C	1
706C	TACAGCGCATAC	C	1
955N	ACCGGTATGTAC	N	1
953P	AATTGTGTCGGA	P	1
962P	TGCATACACTGG	P	1
973P	ACCAGTGACTCA	P	1
929C	GAATACCAAGTC	C	1
963P	GTAGATCGTGTA	P	1
978P	TAACGTGTGTGC	P	1
954P	CATTATGGCGTG	P	1
928C	CCAATACGCCTG	C	1
972P	GATCTGCGATCC	P	1
952P	CAGCTCATCAGC	P	1
958P	GCAACACCATCC	P	1
701C	GCGATATATCGC	C	1
988P	CGAGCAATCCTA	P	1
981P	AGTCGTGCACAT	P	1
743P	GTATCTGCGCGT	P	1
920C	CGAGGGAAAGTC	C	1
741P	CAAATTCGGGAT	P	1
732N	AGATTGACCAAC	N	1
735P	AGTTACGAGCTA	P	1
921C	GCATATGCACTG	P	1
744P	CAACTCCCGTGA	P	1
702C	TACGAGCCCTAA	C	1
923C	CACTACGCTAGA	C	1
737P	TGCAGTCCTCGA	P	1
919C	ACCATAGCTCCG	C	1
739N	TCGACATCTCTT	N	1
922C	GAACACTTTGGA	C	1
736N	GAGCCATCTGTA	N	1
930C	TTGGGTACACGT	C	1
985P	AAGGCGCTCCTT	P	1
967N	TAATACGGATCG	N	1
990P	TCGGAATTAGAC	P	1
926C	TGTGAATTCGGA	C	1
924C	CATTCGTGGCGT	C	1
925C	TACTACGTGGCC	C	1
987P	GGCCAGTTCCTA	P	1
Adrian	GATGTTCGCTAG		
983N	CTATCTCCTGTC	N	1
918C2	ACTCACAGGAAT	C	21
975N	ATGATGAGCCTC	N	1
949N	GTCGACAGAGGA	N	1
984N	TGTCGCAAATAG	N	1
989N	CATCCCTCTACT	N	1
947N	TATACCGCTGCG	N	1
924C2	AGTTGAGGCATT	C	21
986N	ACAATAGACACC	N	1
919C2	CGGTCAATTGAC	C	21
960N	GTGGAGTCTCAT	N	1
921C2	GCTCGAAGATTC	C	21
950N	AGGCTTACGTGT	N	1
951N	TCTCTACCACTC	N	1
734N	ACTTCCAACTTC	N	1
948N	CTCACCTAGGAA	N	1
956N	GTGTTGTCGTGC	N	1
923C2	CCACAGATCGAT	C	21
negative2	TATCGACACAAG		
980N	GATTCCGGCTCA	N	1
926C2	CGTAATTGCCGC	C	21
925C2	GGTGACTAGTTC	C	21
982N	ATGGGTTCCGTC	N	1
966N	TAGGCATGCTTG	N	1
922C2	AACTAGTTCAGG	C	21
928C2	ATTCTGCCGAAG	C	21
ZymoPCR	AGCATGTCCCGT		
963P2	GTACGATATGAC	P	21
953P2	GTGGTGGTTTCC	P	21
979N2	TAGTATGCGCAA	N	21
989N2	TGCGCTGAATGT	N	21
972P2	ATGGCTGTCAGT	P	21
984N2	GTTCTCTTCTCG	N	21
985P2	CGTAAGATGCCT	P	21
736N2	GCGTTCTAGCTG	N	21
975N2	GTTGTTCTGGGA	N	21
950N2	GGACTTCCAGCT	N	21
947N2	CTCACAACCGTG	N	21
981P2	CTGCTATTCCTC	P	21
739N2	ATGTCACCGCTG	N	21
955N2	TGTAACGCCGAT	N	21
735P2	AGCAGAACATCT	P	21
956N2	TGGAGTAGGTGG	N	21
986N2	TTGGCTCTATTC	N	21
973P2	GATCCCACGTAC	P	21
983N2	TACCGCTTCTTC	N	21
966N2	GATTATCGACGA	N	21
744P2	GCCTAGCCCAAT	P	21
916C2	GATGTATGTGGT	C	21
948N2	ACTCCTTGTGTT	N	21
920C2	GTCACGGACATT	C	21
954P2	AATTTAGGTAGG	P	21
958P2	GACTCAACCAGT	P	21
951N2	GCCTCTACGTCG	N	21
952P2	ACTACTGAGGAT	P	21
957P2	AATTCACCTCCT	P	21
737P2	CGTATAAATGCG	P	21
732N2	ATGCTGCAACAC	N	21
929C2	ACTCGCTCGCTG	C	21
970P2	TTCCTTAGTAGT	P	21
742P2	CGTCCGTATGAA	P	21
701C2	ACGTGAGGAACG	C	21
742P	GGTTGCCCTGTA	P	1
962P2	CATATAGCCCGA	P	21
927C2	GCCTATGAGATC	C	21
741P2	CAAGTGAAGGGA	P	21
ZymoE	CACGTTTATTCC		
971P2	GCAACGAACGAG	P	21
negative4	TGACTAATGGCC		
960N2	CGGGACACCCGA	N	21
705C2	CTGTCTATACTA	C	21
702C2	TATGCCAGAGAT	C	21
706C2	CGTTTGGAATGA	C	21
988P2	AAGAACTCATGA	P	21
978P2	TGATATCGTCTT	P	21
949N2	CGGTGACCTACT	N	21
990P2	AATGCGCGTATA	P	21